id,name,model_id:id,group_id:id,perm_read,perm_write,perm_create,perm_unlink
access_ready_mix_plant_user,ready.mix.plant user,model_ready_mix_plant,group_ready_mix_user,1,0,0,0
access_ready_mix_plant_manager,ready.mix.plant manager,model_ready_mix_plant,group_ready_mix_manager,1,1,1,1
access_ready_mix_silo_user,ready.mix.silo user,model_ready_mix_silo,group_ready_mix_user,1,0,0,0
access_ready_mix_silo_operator,ready.mix.silo operator,model_ready_mix_silo,group_ready_mix_plant_operator,1,1,1,0
access_ready_mix_silo_manager,ready.mix.silo manager,model_ready_mix_silo,group_ready_mix_manager,1,1,1,1
access_ready_mix_product_user,ready.mix.product user,model_ready_mix_product,group_ready_mix_user,1,0,0,0
access_ready_mix_product_manager,ready.mix.product manager,model_ready_mix_product,group_ready_mix_manager,1,1,1,1
access_ready_mix_product_line_user,ready.mix.product.line user,model_ready_mix_product_line,group_ready_mix_user,1,0,0,0
access_ready_mix_product_line_manager,ready.mix.product.line manager,model_ready_mix_product_line,group_ready_mix_manager,1,1,1,1
access_ready_mix_jobsite_user,ready.mix.jobsite user,model_ready_mix_jobsite,group_ready_mix_user,1,0,0,0
access_ready_mix_jobsite_manager,ready.mix.jobsite manager,model_ready_mix_jobsite,group_ready_mix_manager,1,1,1,1
access_ready_mix_rate_agreement_user,ready.mix.rate.agreement user,model_ready_mix_rate_agreement,group_ready_mix_user,1,0,0,0
access_ready_mix_rate_agreement_manager,ready.mix.rate.agreement manager,model_ready_mix_rate_agreement,group_ready_mix_manager,1,1,1,1
access_ready_mix_rate_line_user,ready.mix.rate.line user,model_ready_mix_rate_line,group_ready_mix_user,1,0,0,0
access_ready_mix_rate_line_manager,ready.mix.rate.line manager,model_ready_mix_rate_line,group_ready_mix_manager,1,1,1,1
access_ready_mix_schedule_user,ready.mix.schedule user,model_ready_mix_schedule,group_ready_mix_user,1,0,0,0
access_ready_mix_schedule_dispatcher,ready.mix.schedule dispatcher,model_ready_mix_schedule,group_ready_mix_dispatcher,1,1,1,0
access_ready_mix_schedule_manager,ready.mix.schedule manager,model_ready_mix_schedule,group_ready_mix_manager,1,1,1,1
access_ready_mix_dispatch_user,ready.mix.dispatch user,model_ready_mix_dispatch,group_ready_mix_user,1,0,0,0
access_ready_mix_dispatch_dispatcher,ready.mix.dispatch dispatcher,model_ready_mix_dispatch,group_ready_mix_dispatcher,1,1,1,0
access_ready_mix_dispatch_manager,ready.mix.dispatch manager,model_ready_mix_dispatch,group_ready_mix_manager,1,1,1,1
access_ready_mix_load_user,ready.mix.load user,model_ready_mix_load,group_ready_mix_user,1,0,0,0
access_ready_mix_load_operator,ready.mix.load operator,model_ready_mix_load,group_ready_mix_plant_operator,1,1,1,0
access_ready_mix_load_manager,ready.mix.load manager,model_ready_mix_load,group_ready_mix_manager,1,1,1,1
access_ready_mix_load_material_user,ready.mix.load.material user,model_ready_mix_load_material,group_ready_mix_user,1,0,0,0
access_ready_mix_load_material_operator,ready.mix.load.material operator,model_ready_mix_load_material,group_ready_mix_plant_operator,1,1,1,1
access_ready_mix_load_material_manager,ready.mix.load.material manager,model_ready_mix_load_material,group_ready_mix_manager,1,1,1,1
access_ready_mix_qc_test_user,ready.mix.qc.test user,model_ready_mix_qc_test,group_ready_mix_user,1,0,0,0
access_ready_mix_qc_test_qc,ready.mix.qc.test qc,model_ready_mix_qc_test,group_ready_mix_qc,1,1,1,0
access_ready_mix_qc_test_manager,ready.mix.qc.test manager,model_ready_mix_qc_test,group_ready_mix_manager,1,1,1,1
access_ready_mix_sample_user,ready.mix.sample user,model_ready_mix_sample,group_ready_mix_user,1,0,0,0
access_ready_mix_sample_qc,ready.mix.sample qc,model_ready_mix_sample,group_ready_mix_qc,1,1,1,0
access_ready_mix_sample_manager,ready.mix.sample manager,model_ready_mix_sample,group_ready_mix_manager,1,1,1,1
access_ready_mix_ncr_user,ready.mix.ncr user,model_ready_mix_ncr,group_ready_mix_user,1,0,0,0
access_ready_mix_ncr_qc,ready.mix.ncr qc,model_ready_mix_ncr,group_ready_mix_qc,1,1,1,0
access_ready_mix_ncr_manager,ready.mix.ncr manager,model_ready_mix_ncr,group_ready_mix_manager,1,1,1,1
access_ready_mix_cost_sheet_user,ready.mix.cost.sheet user,model_ready_mix_cost_sheet,group_ready_mix_user,1,0,0,0
access_ready_mix_cost_sheet_finance,ready.mix.cost.sheet finance,model_ready_mix_cost_sheet,group_ready_mix_finance,1,1,1,0
access_ready_mix_cost_sheet_manager,ready.mix.cost.sheet manager,model_ready_mix_cost_sheet,group_ready_mix_manager,1,1,1,1
access_ready_mix_cost_line_user,ready.mix.cost.line user,model_ready_mix_cost_line,group_ready_mix_user,1,0,0,0
access_ready_mix_cost_line_finance,ready.mix.cost.line finance,model_ready_mix_cost_line,group_ready_mix_finance,1,1,1,1
access_ready_mix_cost_line_manager,ready.mix.cost.line manager,model_ready_mix_cost_line,group_ready_mix_manager,1,1,1,1
access_ready_mix_moisture_user,ready.mix.moisture user,model_ready_mix_moisture,group_ready_mix_user,1,0,0,0
access_ready_mix_moisture_operator,ready.mix.moisture operator,model_ready_mix_moisture,group_ready_mix_plant_operator,1,1,1,0
access_ready_mix_moisture_manager,ready.mix.moisture manager,model_ready_mix_moisture,group_ready_mix_manager,1,1,1,1
access_ready_mix_moisture_line_user,ready.mix.moisture.line user,model_ready_mix_moisture_line,group_ready_mix_user,1,0,0,0
access_ready_mix_moisture_line_operator,ready.mix.moisture.line operator,model_ready_mix_moisture_line,group_ready_mix_plant_operator,1,1,1,1
access_ready_mix_moisture_line_manager,ready.mix.moisture.line manager,model_ready_mix_moisture_line,group_ready_mix_manager,1,1,1,1
access_ready_mix_certificate_user,ready.mix.certificate user,model_ready_mix_certificate,group_ready_mix_user,1,0,0,0
access_ready_mix_certificate_manager,ready.mix.certificate manager,model_ready_mix_certificate,group_ready_mix_manager,1,1,1,1
access_ready_mix_washout_user,ready.mix.washout user,model_ready_mix_washout,group_ready_mix_user,1,0,0,0
access_ready_mix_washout_operator,ready.mix.washout operator,model_ready_mix_washout,group_ready_mix_plant_operator,1,1,1,0
access_ready_mix_washout_manager,ready.mix.washout manager,model_ready_mix_washout,group_ready_mix_manager,1,1,1,1
access_ready_mix_invoicing_wizard,access ready.mix.invoicing.wizard,model_ready_mix_invoicing_wizard,base.group_user,1,1,1,0
